{
    "Aliases": [{
            "AliasName": "Lupini",
            "ItemNames": [
                "Lupini: 'Tropical Fish #173'",
                "Lupini: 1000 Years From Now",
                "Lupini: Clouds",
                "Lupini: Land Of Clay",
                "Lupini: Portrait Of A Mermaid",
                "Lupini: Red Eagle",
                "Lupini: Solar Kingdom",
                "Lupini: The Serpent",
                "Lupini: Three Trees"
            ]
        }, {
            "AliasName": "Resource Pack",
            "ItemNames": [
                "Resource Pack: 1 Mahogany Seed",
                "Resource Pack: 1 Crab Pot",
                "Resource Pack: 1 Warp Totem: Beach",
                "Resource Pack: 1 Warp Totem: Mountains",
                "Resource Pack: 10 Bait",
                "Resource Pack: 10 Basic Fertilizer",
                "Resource Pack: 10 Basic Retaining Soil",
                "Resource Pack: 10 Clay",
                "Resource Pack: 10 Coal",
                "Resource Pack: 10 Deluxe Retaining Soil",
                "Resource Pack: 10 Fall Seeds",
                "Resource Pack: 10 Qi Seasoning",
                "Resource Pack: 10 Quartz",
                "Resource Pack: 10 Spring Seeds",
                "Resource Pack: 10 Summer Seeds",
                "Resource Pack: 10 Winter Seeds",
                "Resource Pack: 12 Gold Ore",
                "Resource Pack: 12 Quality Retaining Soil",
                "Resource Pack: 14 Deluxe Retaining Soil",
                "Resource Pack: 15 Clay",
                "Resource Pack: 15 Coal",
                "Resource Pack: 15 Fiber",
                "Resource Pack: 15 Mixed Flower Seeds",
                "Resource Pack: 15 Mixed Seeds",
                "Resource Pack: 15 Quartz",
                "Resource Pack: 18 Deluxe Retaining Soil",
                "Resource Pack: 2 Crab Pot",
                "Resource Pack: 2 Deluxe Retaining Soil",
                "Resource Pack: 20 Bait",
                "Resource Pack: 20 Basic Fertilizer",
                "Resource Pack: 20 Basic Retaining Soil",
                "Resource Pack: 20 Clay",
                "Resource Pack: 20 Coal",
                "Resource Pack: 20 Deluxe Retaining Soil",
                "Resource Pack: 20 Fall Seeds",
                "Resource Pack: 20 Quality Retaining Soil",
                "Resource Pack: 20 Spring Seeds",
                "Resource Pack: 20 Summer Seeds",
                "Resource Pack: 20 Winter Seeds",
                "Resource Pack: 25 Copper Ore",
                "Resource Pack: 25 Iron Ore",
                "Resource Pack: 25 Stone",
                "Resource Pack: 25 Wood",
                "Resource Pack: 28 Quality Retaining Soil",
                "Resource Pack: 3 Crab Pot",
                "Resource Pack: 3 Warp Totem: Beach",
                "Resource Pack: 3 Warp Totem: Mountains",
                "Resource Pack: 9 Warp Totem: Beach",
                "Resource Pack: 9 Warp Totem: Mountains",
                "Resource Pack: 7 Warp Totem: Beach",
                "Resource Pack: 7 Warp Totem: Mountains",
                "Resource Pack: 5 Warp Totem: Beach",
                "Resource Pack: 5 Warp Totem: Mountains",
                "Resource Pack: 500 Money",
                "Resource Pack: 60 Basic Retaining Soil",
                "Resource Pack: 60 Basic Fertilizer",
                "Resource Pack: 6 Deluxe Retaining Soil",
                "Resource Pack: 50 Basic Retaining Soil",
                "Resource Pack: 50 Basic Fertilizer",
                "Resource Pack: 40 Quality Retaining Soil",
                "Resource Pack: 36 Quality Retaining Soil",
                "Resource Pack: 30 Basic Retaining Soil",
                "Resource Pack: 30 Basic Fertilizer",
                "Resource Pack: 30 Bait",
                "Resource Pack: 30 Fiber",
                "Resource Pack: 30 Fall Seeds",
                "Resource Pack: 30 Spring Seeds",
                "Resource Pack: 30 Summer Seeds",
                "Resource Pack: 30 Winter Seeds",
                "Resource Pack: 40 Fall Seeds",
                "Resource Pack: 40 Spring Seeds",
                "Resource Pack: 40 Summer Seeds",
                "Resource Pack: 40 Winter Seeds",
                "Resource Pack: 50 Fall Seeds",
                "Resource Pack: 50 Spring Seeds",
                "Resource Pack: 50 Summer Seeds",
                "Resource Pack: 50 Winter Seeds",
                "Resource Pack: 60 Fall Seeds",
                "Resource Pack: 60 Spring Seeds",
                "Resource Pack: 60 Summer Seeds",
                "Resource Pack: 60 Winter Seeds",
                "Resource Pack: 4 Crab Pot",
                "Resource Pack: 40 Bait",
                "Resource Pack: 40 Basic Retaining Soil",
                "Resource Pack: 40 Basic Fertilizer",
                "Resource Pack: 45 Fiber",
                "Resource Pack: 5 Cherry Bomb",
                "Resource Pack: 5 Clay",
                "Resource Pack: 5 Coal",
                "Resource Pack: 5 Coffee",
                "Resource Pack: 5 Hardwood Display",
                "Resource Pack: 5 Wooden Display",
                "Resource Pack: 5 Quartz",
                "Resource Pack: 50 Bait",
                "Resource Pack: 50 Copper Ore",
                "Resource Pack: 60 Fiber",
                "Resource Pack: 60 Bait",
                "Resource Pack: 75 Stone",
                "Resource Pack: 75 Wood"
            ]
        }, {
            "AliasName": "Resource Pack Useful",
            "ItemNames": [
                "Resource Pack: 1 Warp Totem: Desert",
                "Resource Pack: 1 Warp Totem: Farm",
                "Resource Pack: 1 Warp Totem: Island",
                "Resource Pack: 10 Deluxe Fertilizer",
                "Resource Pack: 10 Hardwood",
                "Resource Pack: 10 Hyper Speed-Gro",
                "Resource Pack: 10 Iridium",
                "Resource Pack: 10 Mahogany Seed",
                "Resource Pack: 10 Speed-Gro",
                "Resource Pack: 10 Tree Fertilizer",
                "Resource Pack: 10 Warp Totem: Desert",
                "Resource Pack: 10 Warp Totem: Farm",
                "Resource Pack: 10 Warp Totem: Island",
                "Resource Pack: 10 Warp Totem: Beach",
                "Resource Pack: 10 Warp Totem: Mountain",
                "Resource Pack: 100 Copper Ore",
                "Resource Pack: 100 Iron Ore",
                "Resource Pack: 100 Stone",
                "Resource Pack: 100 Wood",
                "Resource Pack: 1000 Money",
                "Resource Pack: 10000 Money",
                "Resource Pack: 12 Deluxe Speed-Gro",
                "Resource Pack: 12 Magma Geode",
                "Resource Pack: 12 Quality Fertilizer",
                "Resource Pack: 125 Copper Ore",
                "Resource Pack: 14 Deluxe Fertilizer",
                "Resource Pack: 14 Hyper Speed-Gro",
                "Resource Pack: 14 Tree Fertilizer",
                "Resource Pack: 15 Hardwood",
                "Resource Pack: 15 Iridium Ore",
                "Resource Pack: 150 Copper Ore",
                "Resource Pack: 1500 Money",
                "Resource Pack: 16 Frozen Geode",
                "Resource Pack: 18 Deluxe Fertilizer",
                "Resource Pack: 12 Geode",
                "Resource Pack: 18 Geode",
                "Resource Pack: 18 Hyper Speed-Gro",
                "Resource Pack: 18 Tree Fertilizer",
                "Resource Pack: 2 Artifact Trove",
                "Resource Pack: 2 Hyper Speed-Gro",
                "Resource Pack: 2 Deluxe Fertilizer",
                "Resource Pack: 2 Hyper Speed-Gro",
                "Resource Pack: 2 Mega Bomb",
                "Resource Pack: 2 Life Elixir",
                "Resource Pack: 2 Omni Geode",
                "Resource Pack: 2 Qi Gem",
                "Resource Pack: 2 Tree Fertilizer",
                "Resource Pack: 2 Triple Shot Espresso",
                "Resource Pack: 20 Cinder Shard",
                "Resource Pack: 20 Deluxe Bait",
                "Resource Pack: 20 Deluxe Fertilizer",
                "Resource Pack: 20 Hardwood",
                "Resource Pack: 20 Hyper Speed-Gro",
                "Resource Pack: 20 Iridium Ore",
                "Resource Pack: 20 Magic Bait",
                "Resource Pack: 20 Quality Fertilizer",
                "Resource Pack: 20 Speed-Gro",
                "Resource Pack: 20 Tree Fertilizer",
                "Resource Pack: 2000 Money",
                "Resource Pack: 24 Geode",
                "Resource Pack: 25 Gold Ore",
                "Resource Pack: 28 Deluxe Speed-Gro",
                "Resource Pack: 28 Quality Fertilizer",
                "Resource Pack: 3 Bomb",
                "Resource Pack: 3 Magic Elixer",
                "Resource Pack: 3 Magma Geode",
                "Resource Pack: 3 Mahogany Seed",
                "Resource Pack: 3 Travel Core",
                "Resource Pack: 3 Warp Totem: Desert",
                "Resource Pack: 3 Warp Totem: Farm",
                "Resource Pack: 3 Warp Totem: Island",
                "Resource Pack: 3 Water Shifter",
                "Resource Pack: 9 Warp Totem: Desert",
                "Resource Pack: 9 Warp Totem: Farm",
                "Resource Pack: 9 Warp Totem: Island",
                "Resource Pack: 7 Warp Totem: Desert",
                "Resource Pack: 7 Warp Totem: Farm",
                "Resource Pack: 7 Warp Totem: Island",
                "Resource Pack: 5 Warp Totem: Desert",
                "Resource Pack: 5 Warp Totem: Farm",
                "Resource Pack: 5 Warp Totem: Island",
                "Resource Pack: 5000 Money",
                "Resource Pack: 5 Crab Pot",
                "Resource Pack: 5 Hardwood",
                "Resource Pack: 5 Iridium Ore",
                "Resource Pack: 5 Staircase",
                "Resource Pack: 50 Iron Ore",
                "Resource Pack: 50 Gold Ore",
                "Resource Pack: 50 Speed-Gro",
                "Resource Pack: 60 Speed-Gro",
                "Resource Pack: 6 Crab Pot",
                "Resource Pack: 6 Deluxe Fertilizer",
                "Resource Pack: 6 Hyper Speed-Gro",
                "Resource Pack: 6 Magma Geode",
                "Resource Pack: 6 Omni Geode",
                "Resource Pack: 6 Tree Fertilizer",
                "Resource Pack: 7 Mahogany Seed",
                "Resource Pack: 75 Copper Ore",
                "Resource Pack: 75 Iron Ore",
                "Resource Pack: 8 Frozen Geode",
                "Resource Pack: 8 Omni Geode",
                "Resource Pack: 9 Mahogany Seed"
            ]
        }, {
            "AliasName": "Craftsanity",
            "ItemNames": [
                "Gate Recipe",
                "Wood Fence Recipe",
                "Cask Recipe",
                "Fish Smoker Recipe",
                "Dehydrator Recipe",
                "Deluxe Fertilizer Recipe",
                "Hyper Speed-Gro Recipe",
                "Deluxe Retaining Soil Recipe",
                "Ancient Seeds Recipe",
                "Grass Starter Recipe",
                "Blue Grass Starter Recipe",
                "Tea Sapling Recipe",
                "Fiber Seeds Recipe",
                "Wood Floor Recipe",
                "Rustic Plank Recipe",
                "Straw Floor Recipe",
                "Weathered Floor Recipe",
                "Crystal Floor Recipe",
                "Stone Floor Recipe",
                "Stone Walkway Floor Recipe",
                "Brick Floor Recipe",
                "Wood Path Recipe",
                "Gravel Path Recipe",
                "Cobblestone Path Recipe",
                "Stepping Stone Path Recipe",
                "Crystal Path Recipe",
                "Quality Bobber Recipe",
                "Magic Bait Recipe",
                "Wedding Ring Recipe",
                "Monster Musk Recipe",
                "Fairy Dust Recipe",
                "Warp Totem: Desert Recipe",
                "Warp Totem: Island Recipe",
                "Torch Recipe",
                "Campfire Recipe",
                "Jack-O-Lantern Recipe",
                "Furnace Recipe",
                "Solar Panel Recipe",
                "Ostrich Incubator Recipe",
                "Heavy Tapper Recipe",
                "Bone Mill Recipe",
                "Geode Crusher Recipe",
                "Tub O' Flowers Recipe",
                "Wicked Statue Recipe",
                "Flute Block Recipe",
                "Drum Block Recipe",
                "Chest Recipe",
                "Stone Chest Recipe",
                "Big Chest Recipe",
                "Big Stone Chest Recipe",
                "Wood Sign Recipe",
                "Stone Sign Recipe",
                "Dark Sign Recipe",
                "Text Sign Recipe",
                "Deluxe Scarecrow Recipe",
                "Mini-Obelisk Recipe",
                "Farm Computer Recipe",
                "Hopper Recipe",
                "Wooden Brazier Recipe",
                "Stone Brazier Recipe",
                "Gold Brazier Recipe",
                "Carved Brazier Recipe",
                "Stump Brazier Recipe",
                "Barrel Brazier Recipe",
                "Skull Brazier Recipe",
                "Marble Brazier Recipe",
                "Wood Lamp-post Recipe",
                "Iron Lamp-post Recipe"
            ]
        }, {
            "AliasName": "Resource Pack Calico",
            "ItemNames": [
                "Resource Pack: 100 Calico Egg",
                "Resource Pack: 10 Calico Egg",
                "Resource Pack: 120 Calico Egg",
                "Resource Pack: 20 Calico Egg",
                "Resource Pack: 200 Calico Egg",
                "Resource Pack: 30 Calico Egg",
                "Resource Pack: 35 Calico Egg",
                "Resource Pack: 40 Calico Egg",
                "Resource Pack: 50 Calico Egg"
            ]
        }, {
            "AliasName": "Qi Gem",
            "ItemNames": [
                "Resource Pack 2 Qi Gem",
                "100 Qi Gems",
                "15 Qi Gems",
                "20 Qi Gems",
                "25 Qi Gems",
                "35 Qi Gems",
                "40 Qi Gems",
                "50 Qi Gems"
            ]
        }, {
            "AliasName": "Festival",
            "ItemNames": [
                "Egg Festival",
                "Desert Festival",
                "Progressive Desert Festival",
                "Desert Festival Day One",
                "Desert Festival Day Two",
                "Desert Festival Day Three",
                "Flower Dance",
                "Luau",
                "Trout Derby",
                "Trout Derby Day One",
                "Trout Derby Day Two",
                "Progressive Trout Derby",
                "Dance of the Moonlight Jellies",
                "Stardew Valley Fair",
                "Spirit's Eve",
                "Festival of Ice",
                "SquidFest",
                "SquidFest Day One",
                "SquidFest Day Two",
                "Progressive SquidFest",
                "Night Market",
                "Progressive Night Market",
                "Night Market Day One",
                "Night Market Day Two",
                "Night Market Day Three",
                "Feast of the Winter Star"
            ]
        }, {
            "AliasName": "Queen Recipe",
            "ItemNames": [
                "Fried Egg Recipe",
                "Omelet Recipe",
                "Salad Recipe",
                "Cheese Cauliflower Recipe",
                "Baked Fish Recipe",
                "Parsnip Recipe",
                "Vegetable Medley Recipe",
                "Complete Breakfast Recipe",
                "Fried Calamari Recipe",
                "Strange Bun Recipe",
                "Lucky Lunch Recipe",
                "Fried Mushroom Recipe",
                "Pizza Recipe",
                "Bean Hotpot Recipe",
                "Glazed Yams Recipe",
                "Carp Surprise Recipe",
                "Hashbrowns Recipe",
                "Pancakes Recipe",
                "Salmon Dinner Recipe",
                "Fish Taco Recipe",
                "Crispy Bass Recipe",
                "Pepper Poppers Recipe",
                "Bread Recipe",
                "Tom Kha Soup Recipe",
                "Trout Soup Recipe",
                "Chocolate Cake Recipe",
                "Pink Cake Recipe",
                "Rhubarb Recipe",
                "Cookie Recipe",
                "Spaghetti Recipe",
                "Fried Eel Recipe",
                "Spicy Eel Recipe",
                "Sashimi Recipe",
                "Maki Roll Recipe",
                "Tortilla Recipe",
                "Red Plate Recipe",
                "Eggplant Parmesan Recipe",
                "Rice Pudding Recipe",
                "Ice Cream Recipe",
                "Blueberry Tart Recipe",
                "Autumn's Bounty Recipe",
                "Pumpkin Soup Recipe",
                "Super Meal Recipe",
                "Cranberry Sauce Recipe",
                "Stuffing Recipe",
                "Farmer's Lunch Recipe",
                "Survival Burger Recipe",
                "Dish O' The Sea Recipe",
                "Miner's Treat Recipe",
                "Roots Platter Recipe",
                "Triple Shot Espresso Recipe",
                "Seafoam Pudding Recipe",
                "Algae Soup Recipe",
                "Pale Broth Recipe",
                "Plum Pudding Recipe",
                "Artichoke Recipe",
                "Stir Fry Recipe",
                "Roasted Hazelnuts Recipe",
                "Pumpkin Pie Recipe",
                "Radish Salad Recipe",
                "Fruit Salad Recipe",
                "Blackberry Cobbler Recipe",
                "Cranberry Candy Recipe",
                "Bruschetta Recipe",
                "Coleslaw Recipe",
                "Fiddlehead Risotto Recipe",
                "Poppyseed Muffin Recipe",
                "Chowder Recipe",
                "Fish Stew Recipe",
                "Escargot Recipe",
                "Lobster Bisque Recipe",
                "Maple Bar Recipe",
                "Crab Cakes Recipe",
                "Shrimp Cocktail Recipe",
                "Ginger Ale Recipe",
                "Banana Pudding Recipe",
                "Mango Sticky Rice Recipe",
                "Poi Recipe",
                "Tropical Curry Recipe",
                "Squid Ink Ravioli Recipe",
                "Moss Soup Recipe"
            ]
        }, {
            "AliasName": "Traveling Merchant",
            "ItemNames": [
                "Traveling Merchant: Friday",
                "Traveling Merchant: Monday",
                "Traveling Merchant: Saturday",
                "Traveling Merchant: Sunday",
                "Traveling Merchant: Thursday",
                "Traveling Merchant: Tuesday",
                "Traveling Merchant: Wednesday",
                "Traveling Merchant Metal Detector"
            ]
        }, {
            "AliasName": "Golden Walnut",
            "ItemNames": [
                "3 Golden Walnuts",
                "5 Golden Walnuts",
                "Golden Walnut"
            ]
        }
    ]
}
