{
  "Aliases": [
    {
      "AliasName": "TMs",
      "ItemNames": [
        "HM01 Cut",
        "HM02 Fly",
        "HM03 Surf",
        "HM04 Strength",
        "HM05 Flash",
        "TM01",
        "TM02",
        "TM03",
        "TM04",
        "TM05",
        "TM06",
        "TM07",
        "TM08",
        "TM09",
        "TM10",
        "TM11",
        "TM12",
        "TM13",
        "TM14",
        "TM15",
        "TM16",
        "TM17",
        "TM18",
        "TM19",
        "TM20",
        "TM21",
        "TM22",
        "TM23",
        "TM24",
        "TM25",
        "TM26",
        "TM27",
        "TM28",
        "TM29",
        "TM30",
        "TM31",
        "TM32",
        "TM33",
        "TM34",
        "TM35",
        "TM36",
        "TM37",
        "TM38",
        "TM39",
        "TM40",
        "TM41",
        "TM42",
        "TM43",
        "TM44",
        "TM45",
        "TM46",
        "TM47",
        "TM48",
        "TM49",
        "TM50",
        "TM01 Mega Punch",
        "TM02 Razor Wind",
        "TM03 Swords Dance",
        "TM04 Whirlwind",
        "TM05 Mega Kick",
        "TM06 Toxic",
        "TM07 Horn Drill",
        "TM08 Body Slam",
        "TM09 Take Down",
        "TM10 Double Edge",
        "TM11 Bubble Beam",
        "TM12 Water Gun",
        "TM13 Ice Beam",
        "TM14 Blizzard",
        "TM15 Hyper Beam",
        "TM16 Pay Day",
        "TM17 Submission",
        "TM18 Counter",
        "TM19 Seismic",
        "TM20 Rage",
        "TM21 Mega Drain",
        "TM22 Solar Beam",
        "TM23 Dragon Rage",
        "TM24 Thunderbolt",
        "TM25 Thunder",
        "TM26 Earthquake",
        "TM27 Fissure",
        "TM28 Dig",
        "TM29 Psychic",
        "TM30 Teleport",
        "TM31 Mimic",
        "TM32 Double Team",
        "TM33 Reflect",
        "TM34 Bide",
        "TM35 Metronome",
        "TM36 Self-Destruct",
        "TM37 Egg Bomb",
        "TM38 Fire Blast",
        "TM39 Swift",
        "TM40 Skull Bash",
        "TM41 Soft-Boiled",
        "TM42 Dream Eater",
        "TM43 Sky Attack",
        "TM44 Rest",
        "TM45 Thunder Wave",
        "TM46 Psywave",
        "TM47 Explosion",
        "TM48 Rock Slide",
        "TM49 Tri Attack",
        "TM50 Substitute"
      ]
    },
    {
      "AliasName": "PlaceholderAliasB",
      "ItemNames": [
        "PlaceholderItem3",
        "PlaceholderItem4"
      ]
    }
  ]
}