{
  "Aliases": [
    {
      "AliasName": "Bells",
      "ItemNames": [
        "East Bell",
        "West Bell"
      ]
    },
    {
      "AliasName": "Cards",
      "ItemNames": [
        "Orange Peril Ring",
        "Tincture",
        "Scavenger Mask",
        "Cyan Peril Ring",
        "Bracer",
        "Dagger Strap",
        "Inverted Ash",
        "Lucky Cup",
        "Magic Echo",
        "Anklet",
        "Muffling Bell",
        "Glass Cannon",
        "Perfume",
        "Louder Echo",
        "Aura's Gem",
        "Bone Card"
      ]
    },
    {
      "AliasName": "Firecrackers",
      "ItemNames": [
        "Firecracker x2",
        "Firecracker x3",
        "Firecracker x4",
        "Firecracker x5",
        "Firecracker x6",
        "Fire Bomb x2",
        "Fire Bomb x3",
        "Ice Bomb x2",
        "Ice Bomb x3",
        "Ice Bomb x5"
      ]
    },
    {
      "AliasName": "Fuses",
      "ItemNames": [
        "Swamp Fuse 1",
        "Swamp Fuse 2",
        "Swamp Fuse 3",
        "Cathedral Elevator Fuse",
        "Quarry Fuse 1",
        "Quarry Fuse 2",
        "Ziggurat Miniboss Fuse",
        "Ziggurat Teleporter Fuse",
        "Fortress Exterior Fuse 1",
        "Fortress Exterior Fuse 2",
        "Fortress Courtyard Upper Fuse",
        "Fortress Courtyard Fuse",
        "Beneath the Vault Fuse",
        "Fortress Candles Fuse",
        "Fortress Door Left Fuse",
        "Fortress Door Right Fuse",
        "West Furnace Fuse",
        "West Garden Fuse",
        "Atoll Northeast Fuse",
        "Atoll Northwest Fuse",
        "Atoll Southeast Fuse",
        "Atoll Southwest Fuse",
        "Library Lab Fuse"
      ]
    },
    {
      "AliasName": "Ladders",
      "ItemNames": [
        "Ladders near Weathervane",
        "Ladders near Overworld Checkpoint",
        "Ladders near Patrol Cave",
        "Ladder near Temple Rafters",
        "Ladders near Dark Tomb",
        "Ladder to Quarry",
        "Ladders to West Bell",
        "Ladders in Overworld Town",
        "Ladder to Ruined Atoll",
        "Ladder to Swamp",
        "Ladders in Well",
        "Ladder in Dark Tomb",
        "Ladder to East Forest",
        "Ladders to Lower Forest",
        "Ladder to Beneath the Vault",
        "Ladders in Hourglass Cave",
        "Ladders in South Atoll",
        "Ladders to Frog's Domain",
        "Ladders in Library",
        "Ladders in Lower Quarry",
        "Ladders in Swamp"
      ]
    },
    {
      "AliasName": "Large Money",
      "ItemNames": [
        "Money x100",
        "Money x128",
        "Money x200",
        "Money x255",
        "Fairy",
        "Old House Key",
        "Key",
        "Fortress Vault Key",
        "Golden Coin",
        "Hero Relic - ATT",
        "Hero Relic - DEF",
        "Hero Relic - HP",
        "Hero Relic - MP",
        "Hero Relic - POTION",
        "Hero Relic - SP"
      ]
    },
    {
      "AliasName": "Medium Money",
      "ItemNames": [
        "Money x30",
        "Money x32",
        "Money x40",
        "Money x48",
        "Money x50",
        "Money x64",
        "Effigy",
        "Dath Stone",
        "Torch",
        "Flask Shard",
        "Potion Flask",
        "ATT Offering",
        "DEF Offering",
        "Potion Offering",
        "HP Offering",
        "MP Offering",
        "SP Offering",
        "Mr Mayor",
        "Secret Legend",
        "Sacred Geometry",
        "Vintage",
        "Just Some Pals",
        "Regal Weasel",
        "Spring Falls",
        "Power Up",
        "Back To Work",
        "Phonomath",
        "Dusty",
        "Forever Friend"
      ]
    },
    {
      "AliasName": "Pages",
      "ItemNames": [
        "Pages 0-1",
        "Pages 2-3",
        "Pages 4-5",
        "Pages 6-7",
        "Pages 8-9",
        "Pages 10-11",
        "Pages 12-13",
        "Pages 14-15",
        "Pages 16-17",
        "Pages 18-19",
        "Pages 20-21",
        "Pages 22-23",
        "Pages 24-25 (Prayer)",
        "Pages 26-27",
        "Pages 28-29",
        "Pages 30-31",
        "Pages 32-33",
        "Pages 34-35",
        "Pages 36-37",
        "Pages 38-39",
        "Pages 40-41",
        "Pages 42-43 (Holy Cross)",
        "Pages 44-45",
        "Pages 46-47",
        "Pages 48-49",
        "Pages 50-51",
        "Pages 52-53 (Icebolt)",
        "Pages 54-55"
      ]
    }
  ]
}